{"cameraMode":{"drawMode":0,"name":"Shaded","section":"Shading Mode"},"sceneLighting":false,"audioPlay":false,"sceneViewState":{"m_AlwaysRefresh":false,"showFog":true,"showSkybox":false,"showFlares":true,"showImageEffects":true,"showParticleSystems":true,"showVisualEffectGraphs":true,"m_FxEnabled":true},"in2DMode":false,"pivot":{"x":0.03721556067466736,"y":0.7072166800498962,"z":0.16381463408470155},"rotation":{"x":-0.0005319204647094011,"y":0.9803985357284546,"z":-0.19701196253299714,"w":-0.0026460427325218918},"size":1.5286672115325928,"orthographic":false}